Question;Human Answer;Oncoprecisión
Hola, soy Luisa. Hace un año, recibí el diagnóstico de cáncer de pulmón en etapa IV.;Lamento mucho la situación. Permítame tomar su nombre y email para luego hacerle unas preguntas y verificar si podemos incluir en los estudios clínicos que estamos llevando a cabo y así atenderlo de manera gratuita. ¿En qué etapa se encuentra tu cáncer de pulmón y qué tratamientos has recibido hasta ahora?;Hola Luisa, soy Julieta, la Secretaria de Oncoprecisión. Lamento mucho tu situación. Permíteme tomar tu nombre y correo electrónico para hacerte algunas preguntas y verificar si podemos ayudarte a través de nuestros ensayos clínicos. ¿Cuál es tu correo electrónico?
Hola, soy Luisa. Hace un año, recibí el diagnóstico de cáncer de pulmón en etapa IV.;Lamento mucho la situación. Permítame tomar su nombre y email para luego hacerle unas preguntas y verificar si podemos incluir en los estudios clínicos que estamos llevando a cabo y así atenderlo de manera gratuita. ¿En qué etapa se encuentra tu cáncer de pulmón y qué tratamientos has recibido hasta ahora?;Hola Luisa, soy Julieta, la Secretaria de Oncoprecisión. Lamento mucho la situación. Permíteme tomar tu nombre y correo electrónico para hacerte algunas preguntas y verificar si podemos incluirte en nuestros estudios clínicos y así atenderte de manera gratuita. ¿En qué etapa se encuentra tu cáncer de pulmón y qué tratamientos has recibido hasta ahora?
Hola, soy Luisa. Hace un año, recibí el diagnóstico de cáncer de pulmón en etapa IV.;Lamento mucho la situación. Permítame tomar su nombre y email para luego hacerle unas preguntas y verificar si podemos incluir en los estudios clínicos que estamos llevando a cabo y así atenderlo de manera gratuita. ¿En qué etapa se encuentra tu cáncer de pulmón y qué tratamientos has recibido hasta ahora?;Hola Luisa, soy Julieta, la Secretaria de Oncoprecisión. Lamento mucho la situación. Permíteme tomar tu nombre y correo electrónico para hacerte algunas preguntas y verificar si podemos ayudarte a través de nuestros ensayos clínicos. ¿Cuál ha sido tu tratamiento hasta ahora?
Hola, soy Luisa. Hace un año, recibí el diagnóstico de cáncer de pulmón en etapa IV.;Lamento mucho la situación. Permítame tomar su nombre y email para luego hacerle unas preguntas y verificar si podemos incluir en los estudios clínicos que estamos llevando a cabo y así atenderlo de manera gratuita. ¿En qué etapa se encuentra tu cáncer de pulmón y qué tratamientos has recibido hasta ahora?;Hola Luisa, soy Julieta, la Secretaria de Oncoprecisión. Lamento mucho la situación. Permíteme tomar tu nombre y correo electrónico para hacerte algunas preguntas y verificar si podemos ayudarte a través de nuestros ensayos clínicos. ¿En qué etapa se encuentra tu cáncer de pulmón y qué tratamientos has recibido hasta ahora?
Sería excelente que puedan ayudarme. Mi tratamiento inicial combinó quimioterapia con terapia dirigida, centrada en atacar las células cancerosas con la mutación ALK.;Gracias por la información. En qué situación está actualmente en relación al tratamiento de su enfermedad?;Hola, soy Julieta, la Secretaria de Oncoprecisión. Lamento mucho la situación. Para ayudarle, necesitaré su nombre y correo electrónico. Luego, haré algunas preguntas sobre su enfermedad. ¿Podría proporcionarme esa información?
Sería excelente que puedan ayudarme. Mi tratamiento inicial combinó quimioterapia con terapia dirigida, centrada en atacar las células cancerosas con la mutación ALK.;Gracias por la información. En qué situación está actualmente en relación al tratamiento de su enfermedad?;Hola, soy Julieta, la Secretaria de Oncoprecisión. Lamento mucho la situación. Para poder ayudarle, necesitaré su nombre y correo electrónico. Luego, haré algunas preguntas sobre su enfermedad. ¿Está de acuerdo?
Sería excelente que puedan ayudarme. Mi tratamiento inicial combinó quimioterapia con terapia dirigida, centrada en atacar las células cancerosas con la mutación ALK.;Gracias por la información. En qué situación está actualmente en relación al tratamiento de su enfermedad?;Hola, soy Julieta, la Secretaria de Oncoprecisión. Lamento mucho la situación. Para ayudarle, necesito su nombre y correo electrónico. Luego, haré algunas preguntas sobre su enfermedad. ¿Está de acuerdo?
Sería excelente que puedan ayudarme. Mi tratamiento inicial combinó quimioterapia con terapia dirigida, centrada en atacar las células cancerosas con la mutación ALK.;Gracias por la información. En qué situación está actualmente en relación al tratamiento de su enfermedad?;Hola, soy Julieta, la Secretaria de Oncoprecisión. Lamento mucho la situación. Para poder ayudarle, necesito su nombre y correo electrónico. Luego, le haré algunas preguntas sobre su enfermedad. ¿Está de acuerdo?
Hoy en día, sigo recibiendo tratamiento con terapias dirigidas, junto con cuidados paliativos para manejar los síntomas y mejorar mi comodidad. Me someto a escáneres regulares para vigilar la progresión de la enfermedad y ajustar mi tratamiento según sea necesario. Aunque enfrento desafíos, me siento rodeada de amor y apoyo por parte de mi familia y mi equipo médico.;Hemos guardado bien su información. Nuestro Comité Oncológico analizará su caso y nos contactaremos con usted a la brevedad. Muchas gracias por preferir a Oncopresición.;Hola, soy Julieta, la Secretaria de Oncoprecisión. Lamento mucho la situación que estás enfrentando. Para poder ayudarte mejor, ¿podrías proporcionarme tu nombre y correo electrónico? Luego, haré algunas preguntas sobre tu cáncer y tratamiento.
Hoy en día, sigo recibiendo tratamiento con terapias dirigidas, junto con cuidados paliativos para manejar los síntomas y mejorar mi comodidad. Me someto a escáneres regulares para vigilar la progresión de la enfermedad y ajustar mi tratamiento según sea necesario. Aunque enfrento desafíos, me siento rodeada de amor y apoyo por parte de mi familia y mi equipo médico.;Hemos guardado bien su información. Nuestro Comité Oncológico analizará su caso y nos contactaremos con usted a la brevedad. Muchas gracias por preferir a Oncopresición.;Hola, soy Julieta, la Secretaria de Oncoprecisión. Lamento mucho la situación que estás enfrentando. Para poder ayudarte mejor, ¿podrías proporcionarme tu nombre y correo electrónico? Luego, me gustaría saber qué tipo de cáncer tienes y en qué etapa se encuentra.
Hoy en día, sigo recibiendo tratamiento con terapias dirigidas, junto con cuidados paliativos para manejar los síntomas y mejorar mi comodidad. Me someto a escáneres regulares para vigilar la progresión de la enfermedad y ajustar mi tratamiento según sea necesario. Aunque enfrento desafíos, me siento rodeada de amor y apoyo por parte de mi familia y mi equipo médico.;Hemos guardado bien su información. Nuestro Comité Oncológico analizará su caso y nos contactaremos con usted a la brevedad. Muchas gracias por preferir a Oncopresición.;Hola, soy Julieta, la Secretaria de Oncoprecisión. Lamento mucho la situación que estás enfrentando. Para poder ayudarte mejor, ¿podrías proporcionarme tu nombre y correo electrónico? Luego, me gustaría saber qué tipo de cáncer tienes y en qué etapa se encuentra.
Hoy en día, sigo recibiendo tratamiento con terapias dirigidas, junto con cuidados paliativos para manejar los síntomas y mejorar mi comodidad. Me someto a escáneres regulares para vigilar la progresión de la enfermedad y ajustar mi tratamiento según sea necesario. Aunque enfrento desafíos, me siento rodeada de amor y apoyo por parte de mi familia y mi equipo médico.;Hemos guardado bien su información. Nuestro Comité Oncológico analizará su caso y nos contactaremos con usted a la brevedad. Muchas gracias por preferir a Oncopresición.;Hola, soy Julieta, la Secretaria de Oncoprecisión. Lamento mucho la situación que estás enfrentando. Para poder ayudarte mejor, ¿podrías proporcionarme tu nombre y correo electrónico? Luego, me gustaría saber qué tipo de cáncer tienes y en qué etapa se encuentra.
Hola, soy el Dr. Martínez. Tengo una paciente con cáncer de pulmón en etapa IV y me gustaría inscribir en su sistema para ver si es elegible para los estudios clínicos que están llevando a cabo.;Encantado de ayudar, Dr. Martínez. Por favor, proporcione el nombre y correo electrónico de la paciente. ¿Podría también indicarnos qué tratamientos ha recibido hasta ahora y si tiene alguna mutación genética conocida, como ALK o EGFR?;Hola, Dr. Martínez. Soy Julieta, la Secretaria de Oncoprecisión. Estoy aquí para ayudarle. Por favor, proporcione el nombre y correo electrónico de la paciente. También, ¿qué tratamientos ha recibido hasta ahora?
Hola, soy el Dr. Martínez. Tengo una paciente con cáncer de pulmón en etapa IV y me gustaría inscribir en su sistema para ver si es elegible para los estudios clínicos que están llevando a cabo.;Encantado de ayudar, Dr. Martínez. Por favor, proporcione el nombre y correo electrónico de la paciente. ¿Podría también indicarnos qué tratamientos ha recibido hasta ahora y si tiene alguna mutación genética conocida, como ALK o EGFR?;Hola, Dr. Martínez. Soy Julieta, la Secretaria de Oncoprecisión. Con gusto le ayudaré. Por favor, proporcione el nombre y correo electrónico de la paciente. También, ¿qué tratamientos ha recibido hasta ahora?
Hola, soy el Dr. Martínez. Tengo una paciente con cáncer de pulmón en etapa IV y me gustaría inscribir en su sistema para ver si es elegible para los estudios clínicos que están llevando a cabo.;Encantado de ayudar, Dr. Martínez. Por favor, proporcione el nombre y correo electrónico de la paciente. ¿Podría también indicarnos qué tratamientos ha recibido hasta ahora y si tiene alguna mutación genética conocida, como ALK o EGFR?;Hola, Dr. Martínez. Soy Julieta, la Secretaria de Oncoprecisión. Estoy aquí para ayudarle. Por favor, proporcione el nombre y correo electrónico de la paciente. Además, ¿qué tratamientos ha recibido hasta ahora?
Hola, soy el Dr. Martínez. Tengo una paciente con cáncer de pulmón en etapa IV y me gustaría inscribir en su sistema para ver si es elegible para los estudios clínicos que están llevando a cabo.;Encantado de ayudar, Dr. Martínez. Por favor, proporcione el nombre y correo electrónico de la paciente. ¿Podría también indicarnos qué tratamientos ha recibido hasta ahora y si tiene alguna mutación genética conocida, como ALK o EGFR?;Hola, Dr. Martínez. Soy Julieta, la Secretaria de Oncoprecisión. Estoy aquí para ayudarle. Por favor, proporcione el nombre y correo electrónico de la paciente. También, ¿qué tratamientos ha recibido hasta ahora?
Claro, la paciente se llama Ana López, su correo es ana.lopez@example.com. Inicialmente recibió quimioterapia y luego se le administró terapia dirigida para la mutación ALK.;Gracias por la información, Dr. Martínez. ¿Cuál es la situación actual de la paciente con respecto a su tratamiento y cómo se encuentra en términos de síntomas y calidad de vida?;Hola, soy Julieta, la Secretaria de Oncoprecisión. Gracias por la información. ¿Podría indicarme en qué etapa se encuentra Ana y qué tratamientos ha recibido hasta ahora?
Claro, la paciente se llama Ana López, su correo es ana.lopez@example.com. Inicialmente recibió quimioterapia y luego se le administró terapia dirigida para la mutación ALK.;Gracias por la información, Dr. Martínez. ¿Cuál es la situación actual de la paciente con respecto a su tratamiento y cómo se encuentra en términos de síntomas y calidad de vida?;Hola, soy Julieta, la Secretaria de Oncoprecisión. Gracias por la información. ¿Podrías indicarme en qué etapa se encuentra actualmente el cáncer de Ana y si ha recibido algún otro tratamiento?
Claro, la paciente se llama Ana López, su correo es ana.lopez@example.com. Inicialmente recibió quimioterapia y luego se le administró terapia dirigida para la mutación ALK.;Gracias por la información, Dr. Martínez. ¿Cuál es la situación actual de la paciente con respecto a su tratamiento y cómo se encuentra en términos de síntomas y calidad de vida?;Hola, soy Julieta, la Secretaria de Oncoprecisión. Gracias por la información, Dr. Martínez. ¿Podría indicarme en qué etapa se encuentra actualmente el cáncer de Ana y qué tratamientos está recibiendo en este momento?
Claro, la paciente se llama Ana López, su correo es ana.lopez@example.com. Inicialmente recibió quimioterapia y luego se le administró terapia dirigida para la mutación ALK.;Gracias por la información, Dr. Martínez. ¿Cuál es la situación actual de la paciente con respecto a su tratamiento y cómo se encuentra en términos de síntomas y calidad de vida?;Hola, soy Julieta, la Secretaria de Oncoprecisión. Gracias por la información, Dr. Martínez. ¿Podría indicarme en qué etapa se encuentra actualmente el cáncer de Ana y si tiene algún marcador genético conocido?
Actualmente, Ana sigue con terapias dirigidas y cuidados paliativos para manejar los síntomas. Se somete a escáneres regulares para monitorear la progresión de la enfermedad y ajustar el tratamiento según sea necesario. Su calidad de vida ha mejorado gracias al apoyo familiar y a su equipo médico.;Guardaremos la información de Ana en nuestro sistema. Nuestro Comité Oncológico revisará su caso y nos pondremos en contacto con usted a la brevedad para informarle si es elegible para nuestros estudios clínicos. Muchas gracias por considerar a Oncopresición para el cuidado de su paciente.;Hola, soy Julieta, la Secretaria de Oncoprecisión. Lamento mucho la situación de Ana. Para ayudarla, necesitaré su nombre y correo electrónico. Luego, podré hacerle algunas preguntas sobre su cáncer y tratamiento. ¿Podría proporcionarme esa información?
Actualmente, Ana sigue con terapias dirigidas y cuidados paliativos para manejar los síntomas. Se somete a escáneres regulares para monitorear la progresión de la enfermedad y ajustar el tratamiento según sea necesario. Su calidad de vida ha mejorado gracias al apoyo familiar y a su equipo médico.;Guardaremos la información de Ana en nuestro sistema. Nuestro Comité Oncológico revisará su caso y nos pondremos en contacto con usted a la brevedad para informarle si es elegible para nuestros estudios clínicos. Muchas gracias por considerar a Oncopresición para el cuidado de su paciente.;Hola, soy Julieta, la Secretaria de Oncoprecisión. Gracias por compartir la información sobre Ana. Para ayudarla mejor, por favor, indíquenos su nombre y correo electrónico. Luego, ¿podría decirme qué tipo de cáncer tiene Ana?
Actualmente, Ana sigue con terapias dirigidas y cuidados paliativos para manejar los síntomas. Se somete a escáneres regulares para monitorear la progresión de la enfermedad y ajustar el tratamiento según sea necesario. Su calidad de vida ha mejorado gracias al apoyo familiar y a su equipo médico.;Guardaremos la información de Ana en nuestro sistema. Nuestro Comité Oncológico revisará su caso y nos pondremos en contacto con usted a la brevedad para informarle si es elegible para nuestros estudios clínicos. Muchas gracias por considerar a Oncopresición para el cuidado de su paciente.;Hola, soy Julieta, la Secretaria de Oncoprecisión. Gracias por compartir la información sobre Ana. Para poder ayudarla, necesitaré su nombre y correo electrónico. ¿Podrías proporcionármelos, por favor?
Actualmente, Ana sigue con terapias dirigidas y cuidados paliativos para manejar los síntomas. Se somete a escáneres regulares para monitorear la progresión de la enfermedad y ajustar el tratamiento según sea necesario. Su calidad de vida ha mejorado gracias al apoyo familiar y a su equipo médico.;Guardaremos la información de Ana en nuestro sistema. Nuestro Comité Oncológico revisará su caso y nos pondremos en contacto con usted a la brevedad para informarle si es elegible para nuestros estudios clínicos. Muchas gracias por considerar a Oncopresición para el cuidado de su paciente.;Hola, soy Julieta, la Secretaria de Oncoprecisión. Gracias por compartir la información sobre Ana. Para ayudarla mejor, ¿podría indicarme su nombre y correo electrónico? Luego, me gustaría saber qué tipo de cáncer tiene Ana.
