Question;Human Answer;Machine Answer;Grading;Explanation
Hola, necesito una limpieza dental. Â¿CuÃ¡les son sus horarios de atenciÃ³n?;Realizamos limpiezas dentales como parte de nuestros servicios de odontologÃ­a general. Las evaluaciones son gratuitas y estamos disponibles de lunes a viernes de 09:00 a 13:00 y de 14:30 a 19:00. Â¿Te gustarÃ­a agendar una evaluaciÃ³n?;Â¡Hola! Soy Antonia ğŸ‘©ğŸ»â€ğŸ’»Asistente virtual de Ortodoncia de la Fuente. Realizamos limpiezas dentales como parte de nuestros servicios de odontologÃ­a general. Las evaluaciones son gratuitas y estamos disponibles de lunes a viernes de 09:00 a 13:00 y de 14:30 a 19:00. Â¿Te gustarÃ­a agendar una evaluaciÃ³n?;5;La respuesta del asistente es tan buena como la humana. Proporciona la misma informaciÃ³n sobre los horarios de atenciÃ³n y la disponibilidad de limpiezas dentales, ademÃ¡s de invitar al usuario a agendar una evaluaciÃ³n. La Ãºnica diferencia es que el asistente incluye su saludo inicial, lo cual es apropiado en su contexto.
Hola, necesito una limpieza dental. Â¿CuÃ¡les son sus horarios de atenciÃ³n?;Realizamos limpiezas dentales como parte de nuestros servicios de odontologÃ­a general. Las evaluaciones son gratuitas y estamos disponibles de lunes a viernes de 09:00 a 13:00 y de 14:30 a 19:00. Â¿Te gustarÃ­a agendar una evaluaciÃ³n?;Â¡Hola! Soy Antonia ğŸ‘©ğŸ»â€ğŸ’»Asistente virtual de Ortodoncia de la Fuente. Realizamos limpiezas dentales como parte de nuestros servicios de odontologÃ­a general. Las evaluaciones son gratuitas y estamos disponibles de lunes a viernes de 09:00 a 13:00 y de 14:30 a 19:00. Â¿Te gustarÃ­a agendar una evaluaciÃ³n?;5;La respuesta del asistente es tan buena como la humana. Proporciona la misma informaciÃ³n sobre los horarios de atenciÃ³n y la disponibilidad de limpiezas dentales, ademÃ¡s de incluir la invitaciÃ³n para agendar una evaluaciÃ³n. La respuesta es clara y concisa, cumpliendo con las instrucciones del asistente.
Hola, necesito una limpieza dental. Â¿CuÃ¡les son sus horarios de atenciÃ³n?;Realizamos limpiezas dentales como parte de nuestros servicios de odontologÃ­a general. Las evaluaciones son gratuitas y estamos disponibles de lunes a viernes de 09:00 a 13:00 y de 14:30 a 19:00. Â¿Te gustarÃ­a agendar una evaluaciÃ³n?;Â¡Hola! Soy Antonia ğŸ‘©ğŸ»â€ğŸ’»Asistente virtual de Ortodoncia de la Fuente. Realizamos limpiezas dentales como parte de nuestros servicios de odontologÃ­a general. Las evaluaciones son gratuitas y estamos disponibles de lunes a viernes de 09:00 a 13:00 y de 14:30 a 19:00. Â¿Te gustarÃ­a agendar una evaluaciÃ³n?;5;La respuesta del asistente es tan buena como la humana. Proporciona la misma informaciÃ³n sobre los horarios de atenciÃ³n y la disponibilidad de limpiezas dentales, ademÃ¡s de ofrecer la opciÃ³n de agendar una evaluaciÃ³n. La inclusiÃ³n del saludo inicial tambiÃ©n es adecuada y sigue las instrucciones del asistente.
Hola, necesito una limpieza dental. Â¿CuÃ¡les son sus horarios de atenciÃ³n?;Realizamos limpiezas dentales como parte de nuestros servicios de odontologÃ­a general. Las evaluaciones son gratuitas y estamos disponibles de lunes a viernes de 09:00 a 13:00 y de 14:30 a 19:00. Â¿Te gustarÃ­a agendar una evaluaciÃ³n?;Â¡Hola! Soy Antonia ğŸ‘©ğŸ»â€ğŸ’»Asistente virtual de Ortodoncia de la Fuente. Realizamos limpiezas dentales como parte de nuestros servicios de odontologÃ­a general. Las evaluaciones son gratuitas y estamos disponibles de lunes a viernes de 09:00 a 13:00 y de 14:30 a 19:00. Â¿Te gustarÃ­a agendar una evaluaciÃ³n?;5;La respuesta del asistente es tan buena como la humana. Proporciona la misma informaciÃ³n sobre los horarios de atenciÃ³n y la disponibilidad de limpiezas dentales, ademÃ¡s de incluir la invitaciÃ³n para agendar una evaluaciÃ³n. La respuesta es clara y concisa, cumpliendo con las instrucciones del asistente.
Hola, Â¿tienen tratamientos de ortodoncia?;SÃ­, ofrecemos tratamientos de ortodoncia, incluyendo brackets metÃ¡licos y alineadores. Â¿Te gustarÃ­a agendar una evaluaciÃ³n?;Â¡Hola! Soy Antonia ğŸ‘©ğŸ»â€ğŸ’»Asistente virtual de Ortodoncia de la Fuente. SÃ­, ofrecemos tratamientos de ortodoncia, incluyendo brackets metÃ¡licos y alineadores. Â¿Te gustarÃ­a agendar una evaluaciÃ³n?;5;La respuesta del asistente es tan buena como la humana. Proporciona la misma informaciÃ³n sobre los tratamientos de ortodoncia y tambiÃ©n invita a agendar una evaluaciÃ³n, manteniendo un tono amigable y profesional.
Hola, Â¿tienen tratamientos de ortodoncia?;SÃ­, ofrecemos tratamientos de ortodoncia, incluyendo brackets metÃ¡licos y alineadores. Â¿Te gustarÃ­a agendar una evaluaciÃ³n?;Â¡Hola! Soy Antonia ğŸ‘©ğŸ»â€ğŸ’»Asistente virtual de Ortodoncia de la Fuente. SÃ­, ofrecemos tratamientos de ortodoncia, incluyendo brackets metÃ¡licos y alineadores. Â¿Te gustarÃ­a agendar una evaluaciÃ³n?;5;La respuesta del asistente es tan buena como la humana. Proporciona la misma informaciÃ³n sobre los tratamientos de ortodoncia y tambiÃ©n incluye la invitaciÃ³n a agendar una evaluaciÃ³n, manteniendo un tono amigable y profesional.
Hola, Â¿tienen tratamientos de ortodoncia?;SÃ­, ofrecemos tratamientos de ortodoncia, incluyendo brackets metÃ¡licos y alineadores. Â¿Te gustarÃ­a agendar una evaluaciÃ³n?;Â¡Hola! Soy Antonia ğŸ‘©ğŸ»â€ğŸ’»Asistente virtual de Ortodoncia de la Fuente. SÃ­, ofrecemos tratamientos de ortodoncia, incluyendo brackets metÃ¡licos y alineadores. Â¿Te gustarÃ­a agendar una evaluaciÃ³n?;5;La respuesta del asistente es tan buena como la humana. Proporciona la misma informaciÃ³n sobre los tratamientos de ortodoncia y tambiÃ©n invita a agendar una evaluaciÃ³n, manteniendo un tono amigable y profesional.
Hola, Â¿tienen tratamientos de ortodoncia?;SÃ­, ofrecemos tratamientos de ortodoncia, incluyendo brackets metÃ¡licos y alineadores. Â¿Te gustarÃ­a agendar una evaluaciÃ³n?;Â¡Hola! Soy Antonia ğŸ‘©ğŸ»â€ğŸ’» Asistente virtual de Ortodoncia de la Fuente. SÃ­, ofrecemos tratamientos de ortodoncia, incluyendo brackets metÃ¡licos y alineadores. Â¿Te gustarÃ­a agendar una evaluaciÃ³n?;5;La respuesta del asistente es tan buena como la humana. Proporciona la misma informaciÃ³n sobre los tratamientos de ortodoncia y tambiÃ©n incluye la invitaciÃ³n para agendar una evaluaciÃ³n, manteniendo un tono amigable y profesional.
Hola, quiero saber mÃ¡s sobre los tratamientos de estÃ©tica facial.;Ofrecemos tratamientos de estÃ©tica facial como rinomodelaciÃ³n y aumento de labios. Las evaluaciones son gratuitas. Â¿Te gustarÃ­a agendar una cita?;Â¡Hola! Soy Antonia ğŸ‘©ğŸ»â€ğŸ’» Asistente virtual de Ortodoncia de la Fuente. Ofrecemos tratamientos de estÃ©tica facial como rinomodelaciÃ³n, aumento de labios, y mÃ¡s. Las evaluaciones son gratuitas. Â¿Te gustarÃ­a agendar una cita?;5;La respuesta del asistente es tan buena como la humana. Proporciona informaciÃ³n precisa sobre los tratamientos de estÃ©tica facial y menciona que las evaluaciones son gratuitas. AdemÃ¡s, mantiene un tono amigable y ofrece la opciÃ³n de agendar una cita, lo que es relevante para el cliente.
Hola, quiero saber mÃ¡s sobre los tratamientos de estÃ©tica facial.;Ofrecemos tratamientos de estÃ©tica facial como rinomodelaciÃ³n y aumento de labios. Las evaluaciones son gratuitas. Â¿Te gustarÃ­a agendar una cita?;Â¡Hola! Soy Antonia ğŸ‘©ğŸ»â€ğŸ’» Asistente virtual de Ortodoncia de la Fuente. Ofrecemos tratamientos de estÃ©tica facial como rinomodelaciÃ³n, aumento de labios, y mÃ¡s. Las evaluaciones son gratuitas. Â¿Te gustarÃ­a agendar una cita?;5;La respuesta del asistente es tan buena como la humana. Proporciona la misma informaciÃ³n relevante sobre los tratamientos de estÃ©tica facial y menciona que las evaluaciones son gratuitas. AdemÃ¡s, mantiene un tono amigable y ofrece la opciÃ³n de agendar una cita, lo que es coherente con el estilo de comunicaciÃ³n del asistente.
Hola, quiero saber mÃ¡s sobre los tratamientos de estÃ©tica facial.;Ofrecemos tratamientos de estÃ©tica facial como rinomodelaciÃ³n y aumento de labios. Las evaluaciones son gratuitas. Â¿Te gustarÃ­a agendar una cita?;Â¡Hola! Soy Antonia ğŸ‘©ğŸ»â€ğŸ’» Asistente virtual de Ortodoncia de la Fuente. Ofrecemos tratamientos de estÃ©tica facial como rinomodelaciÃ³n, aumento de labios, y mÃ¡s. Las evaluaciones son gratuitas. Â¿Te gustarÃ­a agendar una cita?;5;La respuesta del asistente es tan buena como la humana. Proporciona la misma informaciÃ³n relevante sobre los tratamientos de estÃ©tica facial y menciona que las evaluaciones son gratuitas. AdemÃ¡s, mantiene un tono amigable y ofrece la opciÃ³n de agendar una cita, lo que es coherente con el estilo de comunicaciÃ³n del asistente.
Hola, quiero saber mÃ¡s sobre los tratamientos de estÃ©tica facial.;Ofrecemos tratamientos de estÃ©tica facial como rinomodelaciÃ³n y aumento de labios. Las evaluaciones son gratuitas. Â¿Te gustarÃ­a agendar una cita?;Â¡Hola! Soy Antonia ğŸ‘©ğŸ»â€ğŸ’»Asistente virtual de Ortodoncia de la Fuente. Ofrecemos tratamientos de estÃ©tica facial como rinomodelaciÃ³n, aumento de labios, y mÃ¡s. Las evaluaciones son gratuitas. Â¿Te gustarÃ­a agendar una cita?;5;La respuesta del asistente es tan buena como la humana. Proporciona la misma informaciÃ³n relevante sobre los tratamientos de estÃ©tica facial y menciona que las evaluaciones son gratuitas. AdemÃ¡s, mantiene un tono amigable y ofrece la opciÃ³n de agendar una cita, lo que es adecuado para la consulta del cliente.
Hola, Â¿quÃ© me pueden decir sobre los implantes dentales?;Realizamos implantes dentales para restaurar tanto la funcionalidad como la estÃ©tica dental. Las evaluaciones son gratuitas y estÃ¡n disponibles en horario de tarde. Â¿Te gustarÃ­a agendar una evaluaciÃ³n?;Realizamos implantes dentales para restaurar tanto la funcionalidad como la estÃ©tica dental. Las evaluaciones son gratuitas. Â¿Te gustarÃ­a agendar una evaluaciÃ³n?;5;La respuesta del asistente es tan buena como la humana. Proporciona la misma informaciÃ³n relevante sobre los implantes dentales y la disponibilidad de evaluaciones gratuitas, ademÃ¡s de invitar al usuario a agendar una evaluaciÃ³n.
Hola, Â¿quÃ© me pueden decir sobre los implantes dentales?;Realizamos implantes dentales para restaurar tanto la funcionalidad como la estÃ©tica dental. Las evaluaciones son gratuitas y estÃ¡n disponibles en horario de tarde. Â¿Te gustarÃ­a agendar una evaluaciÃ³n?;Ofrecemos implantes dentales para restaurar tanto la funcionalidad como la estÃ©tica dental. Las evaluaciones son gratuitas. Â¿Te gustarÃ­a agendar una evaluaciÃ³n?;5;La respuesta del asistente es tan buena como la humana. Proporciona la misma informaciÃ³n clave sobre los implantes dentales y la disponibilidad de evaluaciones gratuitas, ademÃ¡s de invitar al usuario a agendar una evaluaciÃ³n, lo que es relevante y Ãºtil.
Hola, Â¿quÃ© me pueden decir sobre los implantes dentales?;Realizamos implantes dentales para restaurar tanto la funcionalidad como la estÃ©tica dental. Las evaluaciones son gratuitas y estÃ¡n disponibles en horario de tarde. Â¿Te gustarÃ­a agendar una evaluaciÃ³n?;Realizamos implantes dentales para restaurar tanto la funcionalidad como la estÃ©tica dental. Las evaluaciones son gratuitas. Â¿Te gustarÃ­a agendar una evaluaciÃ³n?;5;La respuesta del asistente es tan buena como la humana. Proporciona la misma informaciÃ³n relevante sobre los implantes dentales y la disponibilidad de evaluaciones gratuitas, ademÃ¡s de invitar al usuario a agendar una evaluaciÃ³n.
Hola, Â¿quÃ© me pueden decir sobre los implantes dentales?;Realizamos implantes dentales para restaurar tanto la funcionalidad como la estÃ©tica dental. Las evaluaciones son gratuitas y estÃ¡n disponibles en horario de tarde. Â¿Te gustarÃ­a agendar una evaluaciÃ³n?;Realizamos implantes dentales para restaurar tanto la funcionalidad como la estÃ©tica dental. Las evaluaciones son gratuitas. Â¿Te gustarÃ­a agendar una evaluaciÃ³n?;5;La respuesta del asistente es tan buena como la humana. Proporciona la misma informaciÃ³n relevante sobre los implantes dentales y la disponibilidad de evaluaciones gratuitas, ademÃ¡s de invitar al usuario a agendar una evaluaciÃ³n.
Hola, Â¿quÃ© me pueden decir sobre los tratamientos de conducto (endodoncia)?;Realizamos tratamientos de conducto como parte de nuestros servicios de endodoncia. Las evaluaciones son gratuitas y estÃ¡n disponibles en las tardes. Â¿Te gustarÃ­a agendar una evaluaciÃ³n?;Realizamos tratamientos de conducto como parte de nuestros servicios de endodoncia. Las evaluaciones son gratuitas y estÃ¡n disponibles en las tardes. Â¿Te gustarÃ­a agendar una evaluaciÃ³n?;5;La respuesta del asistente es idÃ©ntica a la respuesta humana, lo que indica que es tan buena como la respuesta humana. Proporciona informaciÃ³n precisa sobre los tratamientos de conducto y la disponibilidad de evaluaciones.
Hola, Â¿quÃ© me pueden decir sobre los tratamientos de conducto (endodoncia)?;Realizamos tratamientos de conducto como parte de nuestros servicios de endodoncia. Las evaluaciones son gratuitas y estÃ¡n disponibles en las tardes. Â¿Te gustarÃ­a agendar una evaluaciÃ³n?;Realizamos tratamientos de conducto como parte de nuestros servicios de endodoncia. Las evaluaciones son gratuitas y estÃ¡n disponibles en las tardes. Â¿Te gustarÃ­a agendar una evaluaciÃ³n?;5;La respuesta del asistente es idÃ©ntica a la respuesta humana, lo que indica que es tan buena como la respuesta humana. Proporciona informaciÃ³n precisa sobre los tratamientos de conducto y la disponibilidad de evaluaciones.
Hola, Â¿quÃ© me pueden decir sobre los tratamientos de conducto (endodoncia)?;Realizamos tratamientos de conducto como parte de nuestros servicios de endodoncia. Las evaluaciones son gratuitas y estÃ¡n disponibles en las tardes. Â¿Te gustarÃ­a agendar una evaluaciÃ³n?;Realizamos tratamientos de conducto como parte de nuestros servicios de endodoncia. Las evaluaciones son gratuitas y estÃ¡n disponibles en las tardes. Â¿Te gustarÃ­a agendar una evaluaciÃ³n?;5;La respuesta del asistente es idÃ©ntica a la respuesta humana, lo que indica que es tan buena como la respuesta humana. Proporciona informaciÃ³n precisa sobre los tratamientos de conducto y la disponibilidad de evaluaciones.
Hola, Â¿quÃ© me pueden decir sobre los tratamientos de conducto (endodoncia)?;Realizamos tratamientos de conducto como parte de nuestros servicios de endodoncia. Las evaluaciones son gratuitas y estÃ¡n disponibles en las tardes. Â¿Te gustarÃ­a agendar una evaluaciÃ³n?;Realizamos tratamientos de conducto como parte de nuestros servicios de endodoncia. Las evaluaciones son gratuitas y estÃ¡n disponibles en las tardes. Â¿Te gustarÃ­a agendar una evaluaciÃ³n?;5;La respuesta del asistente es idÃ©ntica a la respuesta humana, lo que indica que es tan buena como la respuesta humana. Proporciona informaciÃ³n precisa sobre los tratamientos de conducto y la disponibilidad de evaluaciones.
Hola, tengo problemas con las encÃ­as, Â¿me pueden ayudar con eso?;Claro, ofrecemos tratamientos especializados para la salud de las encÃ­as. Las evaluaciones son gratuitas y estÃ¡n disponibles en las tardes. Â¿Te gustarÃ­a agendar una evaluaciÃ³n?;Claro, ofrecemos tratamientos especializados para la salud de las encÃ­as. Las evaluaciones son gratuitas y estÃ¡n disponibles en las tardes. Â¿Te gustarÃ­a agendar una evaluaciÃ³n?;5;La respuesta del asistente es idÃ©ntica a la respuesta humana, lo que indica que es tan buena como la respuesta del humano. Proporciona la informaciÃ³n correcta sobre los tratamientos y la disponibilidad de evaluaciones.
Hola, tengo problemas con las encÃ­as, Â¿me pueden ayudar con eso?;Claro, ofrecemos tratamientos especializados para la salud de las encÃ­as. Las evaluaciones son gratuitas y estÃ¡n disponibles en las tardes. Â¿Te gustarÃ­a agendar una evaluaciÃ³n?;Claro, ofrecemos tratamientos especializados para la salud de las encÃ­as. Las evaluaciones son gratuitas y estÃ¡n disponibles en las tardes. Â¿Te gustarÃ­a agendar una evaluaciÃ³n?;5;La respuesta del asistente es idÃ©ntica a la respuesta humana, lo que indica que es tan buena como la respuesta del humano. Proporciona la informaciÃ³n correcta sobre los tratamientos y la disponibilidad de evaluaciones.
Hola, tengo problemas con las encÃ­as, Â¿me pueden ayudar con eso?;Claro, ofrecemos tratamientos especializados para la salud de las encÃ­as. Las evaluaciones son gratuitas y estÃ¡n disponibles en las tardes. Â¿Te gustarÃ­a agendar una evaluaciÃ³n?;Claro, ofrecemos tratamientos especializados para la salud de las encÃ­as. Las evaluaciones son gratuitas y estÃ¡n disponibles en las tardes. Â¿Te gustarÃ­a agendar una evaluaciÃ³n?;5;La respuesta del asistente es idÃ©ntica a la respuesta humana, lo que indica que es tan buena como la respuesta del humano. Proporciona la informaciÃ³n correcta sobre los tratamientos y la disponibilidad de evaluaciones.
Hola, tengo problemas con las encÃ­as, Â¿me pueden ayudar con eso?;Claro, ofrecemos tratamientos especializados para la salud de las encÃ­as. Las evaluaciones son gratuitas y estÃ¡n disponibles en las tardes. Â¿Te gustarÃ­a agendar una evaluaciÃ³n?;Claro, ofrecemos tratamientos especializados para la salud de las encÃ­as. Las evaluaciones son gratuitas y estÃ¡n disponibles en las tardes. Â¿Te gustarÃ­a agendar una evaluaciÃ³n?;5;La respuesta del asistente es idÃ©ntica a la respuesta humana, lo que indica que es tan buena como la respuesta del humano. Proporciona la informaciÃ³n correcta sobre los tratamientos y la disponibilidad de evaluaciones.
Hola, Â¿me pueden informar sobre cirugÃ­a maxilofacial?;Realizamos cirugÃ­as maxilofaciales para mejorar la funciÃ³n y estÃ©tica facial. Las evaluaciones son gratuitas y se realizan los viernes por medio. Â¿Te gustarÃ­a agendar una evaluaciÃ³n?;Realizamos cirugÃ­as maxilofaciales para mejorar la funciÃ³n y estÃ©tica facial. Las evaluaciones son gratuitas y se realizan los viernes por medio. Â¿Te gustarÃ­a agendar una evaluaciÃ³n?;5;La respuesta del asistente es idÃ©ntica a la respuesta humana, proporcionando la misma informaciÃ³n precisa y relevante sobre las cirugÃ­as maxilofaciales, incluyendo la mejora de funciÃ³n y estÃ©tica facial, asÃ­ como la gratuidad de las evaluaciones y su frecuencia. Por lo tanto, la respuesta es tan buena como la humana.
Hola, Â¿me pueden informar sobre cirugÃ­a maxilofacial?;Realizamos cirugÃ­as maxilofaciales para mejorar la funciÃ³n y estÃ©tica facial. Las evaluaciones son gratuitas y se realizan los viernes por medio. Â¿Te gustarÃ­a agendar una evaluaciÃ³n?;Claro, realizamos cirugÃ­as maxilofaciales para mejorar la funciÃ³n y estÃ©tica facial. Las evaluaciones son gratuitas y se realizan los viernes por medio. Â¿Te gustarÃ­a agendar una evaluaciÃ³n?;5;La respuesta del asistente es tan buena como la humana. Proporciona la misma informaciÃ³n relevante sobre las cirugÃ­as maxilofaciales, incluyendo el propÃ³sito de las cirugÃ­as y la disponibilidad de evaluaciones gratuitas, ademÃ¡s de ofrecer agendar una evaluaciÃ³n, lo que es muy Ãºtil para el cliente.
Hola, Â¿me pueden informar sobre cirugÃ­a maxilofacial?;Realizamos cirugÃ­as maxilofaciales para mejorar la funciÃ³n y estÃ©tica facial. Las evaluaciones son gratuitas y se realizan los viernes por medio. Â¿Te gustarÃ­a agendar una evaluaciÃ³n?;Claro, realizamos cirugÃ­as maxilofaciales para mejorar la funciÃ³n y estÃ©tica facial. Las evaluaciones son gratuitas y se realizan los viernes por medio. Â¿Te gustarÃ­a agendar una evaluaciÃ³n?;5;La respuesta del asistente es tan buena como la humana. Proporciona la misma informaciÃ³n relevante sobre las cirugÃ­as maxilofaciales, incluyendo el propÃ³sito de las cirugÃ­as y la disponibilidad de evaluaciones gratuitas, ademÃ¡s de ofrecer agendar una evaluaciÃ³n, lo que es muy Ãºtil para el cliente.
Hola, Â¿me pueden informar sobre cirugÃ­a maxilofacial?;Realizamos cirugÃ­as maxilofaciales para mejorar la funciÃ³n y estÃ©tica facial. Las evaluaciones son gratuitas y se realizan los viernes por medio. Â¿Te gustarÃ­a agendar una evaluaciÃ³n?;Claro, realizamos cirugÃ­as maxilofaciales para mejorar la funciÃ³n y estÃ©tica facial. Las evaluaciones son gratuitas y se realizan los viernes por medio. Â¿Te gustarÃ­a agendar una evaluaciÃ³n?;5;La respuesta del asistente es tan buena como la humana. Proporciona la misma informaciÃ³n relevante sobre las cirugÃ­as maxilofaciales, incluyendo el propÃ³sito de las cirugÃ­as y la disponibilidad de evaluaciones gratuitas, ademÃ¡s de ofrecer agendar una evaluaciÃ³n, lo que demuestra un buen manejo de la consulta.
Hola, Â¿ofrecen atenciÃ³n dental para niÃ±os?;SÃ­, contamos con servicios de odontologÃ­a pediÃ¡trica especializados para niÃ±os. Â¿Te gustarÃ­a agendar una evaluaciÃ³n gratuita para tu hijo?;SÃ­, contamos con servicios de odontologÃ­a pediÃ¡trica especializados para niÃ±os. Â¿Te gustarÃ­a agendar una evaluaciÃ³n gratuita para tu hijo?;5;La respuesta del asistente es idÃ©ntica a la respuesta humana, lo que indica que es tan buena como la respuesta humana. Proporciona la informaciÃ³n correcta y tambiÃ©n invita a agendar una evaluaciÃ³n gratuita, lo que es un buen enfoque para el cliente.
Hola, Â¿ofrecen atenciÃ³n dental para niÃ±os?;SÃ­, contamos con servicios de odontologÃ­a pediÃ¡trica especializados para niÃ±os. Â¿Te gustarÃ­a agendar una evaluaciÃ³n gratuita para tu hijo?;SÃ­, contamos con servicios de odontologÃ­a pediÃ¡trica especializados para niÃ±os. Â¿Te gustarÃ­a agendar una evaluaciÃ³n gratuita para tu hijo?;5;La respuesta del asistente es idÃ©ntica a la respuesta humana, lo que indica que es tan buena como la respuesta humana. Proporciona la informaciÃ³n correcta y tambiÃ©n incluye una invitaciÃ³n para agendar una evaluaciÃ³n gratuita, lo que es un buen enfoque para interactuar con el cliente.
Hola, Â¿ofrecen atenciÃ³n dental para niÃ±os?;SÃ­, contamos con servicios de odontologÃ­a pediÃ¡trica especializados para niÃ±os. Â¿Te gustarÃ­a agendar una evaluaciÃ³n gratuita para tu hijo?;SÃ­, contamos con servicios de odontologÃ­a pediÃ¡trica especializados para niÃ±os. Â¿Te gustarÃ­a agendar una evaluaciÃ³n gratuita para tu hijo?;5;La respuesta del asistente es idÃ©ntica a la respuesta humana, lo que indica que es tan buena como la respuesta humana. Proporciona la informaciÃ³n correcta y tambiÃ©n incluye una invitaciÃ³n para agendar una evaluaciÃ³n gratuita, lo que es un buen enfoque para interactuar con el cliente.
Hola, Â¿ofrecen atenciÃ³n dental para niÃ±os?;SÃ­, contamos con servicios de odontologÃ­a pediÃ¡trica especializados para niÃ±os. Â¿Te gustarÃ­a agendar una evaluaciÃ³n gratuita para tu hijo?;SÃ­, contamos con servicios de odontologÃ­a pediÃ¡trica especializados para niÃ±os. Â¿Te gustarÃ­a agendar una evaluaciÃ³n gratuita para tu hijo?;5;La respuesta del asistente es idÃ©ntica a la respuesta humana, lo que indica que es tan buena como la respuesta humana. Proporciona la informaciÃ³n correcta y tambiÃ©n incluye una invitaciÃ³n para agendar una evaluaciÃ³n gratuita, lo que es un buen enfoque para interactuar con el cliente.
Hola, quiero blanquear mis dientes, Â¿cuÃ¡les son las opciones?;Ofrecemos tratamientos personalizados de blanqueamiento dental para lograr una sonrisa mÃ¡s brillante. Las evaluaciones son gratuitas. Â¿Te gustarÃ­a agendar una evaluaciÃ³n?;Ofrecemos tratamientos personalizados de blanqueamiento dental para lograr una sonrisa mÃ¡s brillante. Las evaluaciones son gratuitas. Â¿Te gustarÃ­a agendar una evaluaciÃ³n?;5;La respuesta del asistente es idÃ©ntica a la respuesta humana, lo que indica que es tan buena como la respuesta del humano. Proporciona la informaciÃ³n correcta sobre los tratamientos de blanqueamiento dental y menciona que las evaluaciones son gratuitas, ademÃ¡s de invitar al usuario a agendar una evaluaciÃ³n.
Hola, quiero blanquear mis dientes, Â¿cuÃ¡les son las opciones?;Ofrecemos tratamientos personalizados de blanqueamiento dental para lograr una sonrisa mÃ¡s brillante. Las evaluaciones son gratuitas. Â¿Te gustarÃ­a agendar una evaluaciÃ³n?;Ofrecemos tratamientos personalizados de blanqueamiento dental para lograr una sonrisa mÃ¡s brillante. Las evaluaciones son gratuitas. Â¿Te gustarÃ­a agendar una evaluaciÃ³n?;5;La respuesta del asistente es idÃ©ntica a la respuesta humana, lo que indica que es tan buena como la respuesta del humano. Proporciona la informaciÃ³n correcta sobre los tratamientos de blanqueamiento dental y menciona que las evaluaciones son gratuitas, ademÃ¡s de invitar al usuario a agendar una evaluaciÃ³n.
Hola, quiero blanquear mis dientes, Â¿cuÃ¡les son las opciones?;Ofrecemos tratamientos personalizados de blanqueamiento dental para lograr una sonrisa mÃ¡s brillante. Las evaluaciones son gratuitas. Â¿Te gustarÃ­a agendar una evaluaciÃ³n?;Ofrecemos tratamientos personalizados de blanqueamiento dental para lograr una sonrisa mÃ¡s brillante. Las evaluaciones son gratuitas. Â¿Te gustarÃ­a agendar una evaluaciÃ³n?;5;La respuesta del asistente es idÃ©ntica a la respuesta humana, lo que indica que es tan buena como la respuesta del humano. Proporciona la informaciÃ³n correcta sobre los tratamientos de blanqueamiento dental y menciona que las evaluaciones son gratuitas, ademÃ¡s de invitar al usuario a agendar una evaluaciÃ³n.
Hola, quiero blanquear mis dientes, Â¿cuÃ¡les son las opciones?;Ofrecemos tratamientos personalizados de blanqueamiento dental para lograr una sonrisa mÃ¡s brillante. Las evaluaciones son gratuitas. Â¿Te gustarÃ­a agendar una evaluaciÃ³n?;Ofrecemos tratamientos personalizados de blanqueamiento dental para lograr una sonrisa mÃ¡s brillante. Las evaluaciones son gratuitas. Â¿Te gustarÃ­a agendar una evaluaciÃ³n?;5;La respuesta del asistente es idÃ©ntica a la respuesta humana, lo que indica que ha replicado correctamente la informaciÃ³n y el tono. Ambas respuestas son correctas y completas, ofreciendo la misma informaciÃ³n sobre los tratamientos de blanqueamiento dental y la evaluaciÃ³n gratuita.
Hola, Â¿quÃ© opciones tienen para mejorar la estÃ©tica de mis dientes?;Ofrecemos restauraciones estÃ©ticas personalizadas, como carillas y coronas, para renovar tu sonrisa. Â¿Te gustarÃ­a agendar una evaluaciÃ³n gratuita?;Â¡Hola! Soy Antonia ğŸ‘©ğŸ»â€ğŸ’»Asistente virtual de Ortodoncia de la Fuente. Ofrecemos restauraciones estÃ©ticas personalizadas, como carillas y coronas, para renovar tu sonrisa. Â¿Te gustarÃ­a agendar una evaluaciÃ³n gratuita?;5;La respuesta del asistente es tan buena como la humana. Proporciona la misma informaciÃ³n sobre las opciones de restauraciones estÃ©ticas y tambiÃ©n incluye la invitaciÃ³n para agendar una evaluaciÃ³n gratuita, manteniendo un tono amigable y profesional.
Hola, Â¿quÃ© opciones tienen para mejorar la estÃ©tica de mis dientes?;Ofrecemos restauraciones estÃ©ticas personalizadas, como carillas y coronas, para renovar tu sonrisa. Â¿Te gustarÃ­a agendar una evaluaciÃ³n gratuita?;Ofrecemos restauraciones estÃ©ticas personalizadas, como carillas y coronas, para renovar tu sonrisa. Â¿Te gustarÃ­a agendar una evaluaciÃ³n gratuita?;5;La respuesta del asistente es idÃ©ntica a la respuesta humana, lo que indica que es tan buena como la respuesta del humano. Proporciona informaciÃ³n precisa sobre las opciones de estÃ©tica dental y tambiÃ©n invita a agendar una evaluaciÃ³n gratuita, cumpliendo con el objetivo de la consulta.
Hola, Â¿quÃ© opciones tienen para mejorar la estÃ©tica de mis dientes?;Ofrecemos restauraciones estÃ©ticas personalizadas, como carillas y coronas, para renovar tu sonrisa. Â¿Te gustarÃ­a agendar una evaluaciÃ³n gratuita?;Ofrecemos restauraciones estÃ©ticas personalizadas, como carillas y coronas, para renovar tu sonrisa. Â¿Te gustarÃ­a agendar una evaluaciÃ³n gratuita?;5;La respuesta del asistente es idÃ©ntica a la respuesta humana, lo que indica que es tan buena como la respuesta del humano. Proporciona informaciÃ³n precisa sobre las opciones de estÃ©tica dental y tambiÃ©n invita a agendar una evaluaciÃ³n gratuita, cumpliendo con el estilo de comunicaciÃ³n esperado.
Hola, Â¿quÃ© opciones tienen para mejorar la estÃ©tica de mis dientes?;Ofrecemos restauraciones estÃ©ticas personalizadas, como carillas y coronas, para renovar tu sonrisa. Â¿Te gustarÃ­a agendar una evaluaciÃ³n gratuita?;Ofrecemos restauraciones estÃ©ticas personalizadas, como carillas y coronas, para renovar tu sonrisa. Â¿Te gustarÃ­a agendar una evaluaciÃ³n gratuita?;5;La respuesta del asistente es idÃ©ntica a la respuesta humana, proporcionando la misma informaciÃ³n sobre las opciones de restauraciones estÃ©ticas y la invitaciÃ³n a agendar una evaluaciÃ³n gratuita. Por lo tanto, es tan buena como la respuesta humana.
Hola, quiero saber mÃ¡s sobre los tratamientos de ortodoncia en Calama.;En Calama realizamos tratamientos de ortodoncia. La evaluaciÃ³n tiene un costo de $15.000, que debe ser transferido 24 horas antes de la atenciÃ³n. Â¿Te gustarÃ­a agendar una evaluaciÃ³n?;En Calama realizamos tratamientos de ortodoncia. La evaluaciÃ³n tiene un costo de $15.000, que debe ser transferido 24 horas antes de la atenciÃ³n. Â¿Te gustarÃ­a agendar una evaluaciÃ³n?;5;La respuesta del asistente es idÃ©ntica a la respuesta humana, proporcionando la misma informaciÃ³n precisa y relevante sobre los tratamientos de ortodoncia en Calama, incluyendo el costo de la evaluaciÃ³n y el requisito de transferencia. Por lo tanto, es tan buena como la respuesta humana.
Hola, quiero saber mÃ¡s sobre los tratamientos de ortodoncia en Calama.;En Calama realizamos tratamientos de ortodoncia. La evaluaciÃ³n tiene un costo de $15.000, que debe ser transferido 24 horas antes de la atenciÃ³n. Â¿Te gustarÃ­a agendar una evaluaciÃ³n?;En Calama realizamos tratamientos de ortodoncia. La evaluaciÃ³n tiene un costo de $15.000, que debe ser transferido 24 horas antes de la atenciÃ³n. Â¿Te gustarÃ­a agendar una evaluaciÃ³n?;5;La respuesta del asistente es idÃ©ntica a la respuesta humana, proporcionando la misma informaciÃ³n precisa y relevante sobre los tratamientos de ortodoncia en Calama, incluyendo el costo de la evaluaciÃ³n y el requisito de transferencia. Por lo tanto, es tan buena como la respuesta humana.
Hola, quiero saber mÃ¡s sobre los tratamientos de ortodoncia en Calama.;En Calama realizamos tratamientos de ortodoncia. La evaluaciÃ³n tiene un costo de $15.000, que debe ser transferido 24 horas antes de la atenciÃ³n. Â¿Te gustarÃ­a agendar una evaluaciÃ³n?;En Calama realizamos tratamientos de ortodoncia. La evaluaciÃ³n tiene un costo de $15.000, que debe ser transferido 24 horas antes de la atenciÃ³n. Â¿Te gustarÃ­a agendar una evaluaciÃ³n?;5;La respuesta del asistente es idÃ©ntica a la respuesta humana, proporcionando la misma informaciÃ³n precisa y relevante sobre los tratamientos de ortodoncia en Calama, incluyendo el costo de la evaluaciÃ³n y el requisito de transferencia. Por lo tanto, es tan buena como la respuesta humana.
Hola, quiero saber mÃ¡s sobre los tratamientos de ortodoncia en Calama.;En Calama realizamos tratamientos de ortodoncia. La evaluaciÃ³n tiene un costo de $15.000, que debe ser transferido 24 horas antes de la atenciÃ³n. Â¿Te gustarÃ­a agendar una evaluaciÃ³n?;En Calama realizamos tratamientos de ortodoncia. La evaluaciÃ³n tiene un costo de $15.000, que debe ser transferido 24 horas antes de la atenciÃ³n. Â¿Te gustarÃ­a agendar una evaluaciÃ³n?;5;La respuesta del asistente es idÃ©ntica a la respuesta humana, proporcionando la misma informaciÃ³n precisa y relevante sobre los tratamientos de ortodoncia en Calama, incluyendo el costo de la evaluaciÃ³n y el requisito de transferencia. Por lo tanto, es tan buena como la respuesta humana.
Hola, me interesa un tratamiento pero quiero coordinar cÃ³mo seguir.;Â¡Claro! Puedes agendar una cita directamente por nuestro WhatsApp en este enlace: https://wa.link/e5fvfm. TambiÃ©n puedes visitar nuestro sitio web para obtener mÃ¡s informaciÃ³n y agendar. Â¿En quÃ© mÃ¡s puedo ayudarte?;Â¡Claro! Puedes agendar una cita directamente por nuestro WhatsApp en este enlace: https://wa.link/e5fvfm. TambiÃ©n puedes visitar nuestro sitio web para obtener mÃ¡s informaciÃ³n y agendar. Â¿En quÃ© mÃ¡s puedo ayudarte?;5;La respuesta del asistente es idÃ©ntica a la del humano, proporcionando la misma informaciÃ³n y enlaces correctos. Cumple con el estilo de comunicaciÃ³n y es tan buena como la respuesta humana.
Hola, me interesa un tratamiento pero quiero coordinar cÃ³mo seguir.;Â¡Claro! Puedes agendar una cita directamente por nuestro WhatsApp en este enlace: https://wa.link/e5fvfm. TambiÃ©n puedes visitar nuestro sitio web para obtener mÃ¡s informaciÃ³n y agendar. Â¿En quÃ© mÃ¡s puedo ayudarte?;Â¡Claro! Puedes agendar una cita directamente por nuestro WhatsApp en este enlace: https://wa.link/e5fvfm. TambiÃ©n puedes visitar nuestro sitio web para obtener mÃ¡s informaciÃ³n y agendar. Â¿En quÃ© mÃ¡s puedo ayudarte?;5;La respuesta del asistente es idÃ©ntica a la del humano, proporcionando la misma informaciÃ³n y enlaces correctos. Cumple con el estilo de comunicaciÃ³n y es tan buena como la respuesta humana.
Hola, me interesa un tratamiento pero quiero coordinar cÃ³mo seguir.;Â¡Claro! Puedes agendar una cita directamente por nuestro WhatsApp en este enlace: https://wa.link/e5fvfm. TambiÃ©n puedes visitar nuestro sitio web para obtener mÃ¡s informaciÃ³n y agendar. Â¿En quÃ© mÃ¡s puedo ayudarte?;Â¡Claro! Puedes agendar una cita directamente por nuestro WhatsApp en este enlace: https://wa.link/e5fvfm. TambiÃ©n puedes visitar nuestro sitio web para obtener mÃ¡s informaciÃ³n y agendar. Â¿En quÃ© mÃ¡s puedo ayudarte?;5;La respuesta del asistente es idÃ©ntica a la respuesta humana, proporcionando la misma informaciÃ³n y enlaces correctos. Cumple con el estilo de comunicaciÃ³n y es tan buena como la respuesta humana.
Hola, me interesa un tratamiento pero quiero coordinar cÃ³mo seguir.;Â¡Claro! Puedes agendar una cita directamente por nuestro WhatsApp en este enlace: https://wa.link/e5fvfm. TambiÃ©n puedes visitar nuestro sitio web para obtener mÃ¡s informaciÃ³n y agendar. Â¿En quÃ© mÃ¡s puedo ayudarte?;Â¡Claro! Puedes agendar una cita directamente por nuestro WhatsApp en este enlace: https://wa.link/e5fvfm. TambiÃ©n puedes visitar nuestro sitio web para obtener mÃ¡s informaciÃ³n y agendar. Â¿En quÃ© mÃ¡s puedo ayudarte?;5;La respuesta del asistente es idÃ©ntica a la respuesta humana, proporcionando la misma informaciÃ³n y enlaces correctos. Cumple con el estilo de comunicaciÃ³n y es tan buena como la respuesta humana.
